date,category,event_name,region,symbol,theme,functional_3d_print_ideas,research_notes
2026-07-03,US Federal Holiday,Independence Day (observed),USA,⭐,Holiday / civic,Patriotic bunting clip set; picnic utensil caddy; cable organizer shaped like fireworks; flagpole desk stand,"Observed on Friday because July 4 falls on Saturday. Functional angle: outdoor serving, desk accessories, organizers."
2026-09-07,US Federal Holiday,Labor Day,USA,🛠️,Holiday / civic,Workshop peg hooks; socket rail clips; cord winders; mini parts trays,"Labor/work theme; emphasize garage, maker, and tool organization ideas."
2026-10-12,US Federal Holiday,Columbus Day / Indigenous Peoples' Day,USA,🧭,Holiday / civic,Map pin pushboard markers; compass-style coasters; hiking bottle clip,Use neutral exploration/navigation motifs instead of political symbolism.
2026-11-11,US Federal Holiday,Veterans Day,USA,🎖️,Holiday / civic,Medal display stand; shadow-box corner brackets; challenge-coin desk tray,Practical display/storage objects with respectful commemorative styling.
2026-11-26,US Federal Holiday,Thanksgiving,USA,🦃,Holiday / seasonal,Pie slice server rest; napkin ring set; gravy ladle stand; roasting rack feet,Food-service accessories and table utility pieces.
2026-12-25,US Federal Holiday,Christmas Day,USA,🎄,Holiday / seasonal,Ornament storage dividers; gift ribbon spool holder; stocking hook inserts,Functional holiday storage and organizing rather than decor-only.
2026-09-16,Mexico Holiday,Independence Day,Mexico,🎉,Holiday / national,Desk pen cup with papel picado cutouts; taco stand; bottle opener handle scales,"Use festive color blocking, stars, bells, and banner motifs."
2026-10-12,Mexico Observance,Día de la Raza,Mexico,🌎,Observance,Travel cable case insert; luggage tag shell; map coaster set,Pan-American / heritage motifs; keep practical and non-political.
2026-11-01,Mexico Religious/Cultural,All Saints' Day,Mexico,🕯️,Observance,Tea-light safe lantern sleeve; remembrance photo stand; flower stem guide,Useful memorial/altar support pieces.
2026-11-02,Mexico Religious/Cultural,Día de Muertos,Mexico,💀,Observance,Ofrenda shelf riser clips; marigold stem organizer; incense holder with ash catcher,Skull/marigold motifs with altar utility.
2026-11-16,Mexico Holiday,Revolution Day Memorial,Mexico,📜,Holiday / national,Document stand; badge holder; key hook rail,History-themed but function-first objects.
2026-12-12,Mexico Religious/Cultural,Día de la Virgen de Guadalupe,Mexico,🌹,Observance,Rosary wall hook; candle base; flower vase collar,Religious observance support items rather than figurines.
2026-12-24,Mexico Cultural,Christmas Eve,Mexico,🎁,Seasonal,Tamale steamer clip labels; serving spoon rests; string-light spool organizer,Family gathering utility.
2026-12-25,Mexico Holiday,Navidad,Mexico,🎄,Seasonal,Tree ornament box grid; tabletop cable-safe light clips; mug gift insert tray,Shared Christmas utility products.
2026-12-31,Mexico Cultural,New Year's Eve,Mexico,🎆,Seasonal,Champagne flute drying rack; confetti scoop; countdown token set container,Party support accessories.
2026-07-02 to 2026-07-05,Pop Culture Event,Anime Expo,Los Angeles,🎌,Convention / anime,Badge holder with tool slot; fold-flat prop repair kit; dice/accessory tray; cable wraps with kanji-inspired geometry,Huge Japanese pop-culture convention; good for cosplay utility and con carry gear.
2026-07-08,Pop Culture Day,National Video Game Day,Global/US,🎮,Gaming,Controller stand; cartridge-style SD card case; headset hook; thumbstick cap organizer,Gaming desk accessories are highly functional and easy to customize.
2026-07-17,Pop Culture Day,World Emoji Day,Global,🙂,Digital culture,Phone stand with swappable face inserts; desk mood token holder; keycap pull tray,Expression/messaging theme with practical desktop objects.
2026-07-19,Pop Culture Day,National Video Game Day (alternate observance),Global/US,🕹️,Gaming,Arcade-button cable keeper; joystick-top drawer knob; handheld game stand,Treat as a second gaming-themed build week if desired.
2026-08-29,Pop Culture Day,International Cosplay Day,Global,🧵,Cosplay / maker,Bobbin organizer; armor strap buckle set; heat-gun nozzle stand; snap-fit paint cup rack,Excellent for wearable-making tools and cosplay repair kits.
2026-09-08,Pop Culture Day,Star Trek Day,Global,🖖,Sci-fi fandom,Communicator-style card holder; starship silhouette cable comb; desk badge stand,Use geometric sci-fi language and modular desk utility.
2026-09-12,Pop Culture Day,National Video Games Day,Global/US,👾,Gaming,Dice tower that stores game tokens; handheld stand; console under-desk hook,Another gaming build window with different product angle.
2026-09-19,Pop Culture Day,Talk Like a Pirate Day,Global,🏴‍☠️,Internet / humor,Coin tray; bottle opener with skull motif; map-scroll pen holder,Pirate iconography can translate into desk and bar accessories.
2026-10-29,Pop Culture Day,National Cat Day,US / internet culture,🐱,Internet / pet culture,Cat-bowl riser feet; litter scoop dock; wand-toy wall clip; cable bite organizer,Strong overlap between meme culture and real pet utility.
2026-10-31,Pop Culture Day,Halloween,Global/US,🎃,Seasonal / costume,Candy bowl divider; LED tea-light lantern; costume prop hook rack; cookie cutter set,Highly printable week with strong functional seasonal products.
2026-07-09 to 2026-07-10,Religious Observance,Martyrdom of the Báb,Bahá’í,🕊️,Religious,Bookmark stand; prayer-card holder; flower stem grid,Keep designs respectful and utility-focused.
2026-07-22 to 2026-07-23,Religious Observance,Tisha B’Av,Judaism,🕯️,Religious,Memorial candle base; reading stand; compact box for cards/notes,Avoid representational imagery; focus on remembrance utility.
2026-07-29,Religious Observance,Dharma Day (Asala),Buddhism,☸️,Religious,Incense tray; meditation timer token holder; mala bead dish,Practical meditation accessories.
2026-08-15,Religious Observance,Assumption / Dormition,Christianity,✝️,Religious,Rosary hanger; candle plate; bookmark crossbar stand,Use restraint and respect.
2026-09-04,Religious Observance,Krishna Janmashtami,Hinduism,🪔,Religious,Diya tray; sweet offering bowl stand; rangoli stencil guide,Functional puja accessories.
2026-09-08 to 2026-09-15,Religious Observance,Paryushana,Jainism,🪷,Religious,Reading stand; small offering tray; bead organizer,Simple and respectful support items.
2026-09-11 to 2026-09-13,Religious Observance,Rosh Hashanah,Judaism,🍎,Religious,Honey dipper rest; round challah cover ring; apple slice tray,Meal-table accessories fit naturally.
2026-09-14,Religious Observance,Ganesh Chaturthi,Hinduism,🐘,Religious,Modak tray; incense holder; compact altar shelf risers,Ceremonial support without figurines.
2026-09-20 to 2026-09-21,Religious Observance,Yom Kippur,Judaism,📖,Religious,Book stand; memorial candle holder; shoe storage tag set,Practical observance support.
2026-09-22,Religious Observance,Mabon / Autumn Equinox,Wicca,🍂,Seasonal spiritual,Herb drying ring; tea-light sleeve; harvest basket divider,Seasonal altar and harvest utility.
2026-09-25 to 2026-10-02,Religious Observance,Sukkot,Judaism,🌿,Religious,Clip-on lantern hook; table card holders; citrus display bowl insert,Outdoor meal/ritual support objects.
2026-10-02 to 2026-10-04,Religious Observance,Shemini Atzeret / Simchat Torah,Judaism,📜,Religious,Scroll-style pointer rest; book stand; festive table token holder,Reading and table utility.
2026-10-20,Religious Observance,Dussehra,Hinduism,🏹,Religious,Festival sweet-box organizer; diya rack; gift tag template,Festival hosting accessories.
2026-11-01,Religious Observance,All Saints’ Day,Christianity,🕯️,Religious,Photo stand; memorial lantern sleeve; flower stem comb,Shared use with Mexico observance items.
2026-11-08,Religious Observance,Diwali / Deepavali,Hinduism/Jainism/Sikhism,🪔,Religious / festival,Tea-light array tray; diya drying rack; rangoli stencil plates,One of the strongest functional-print opportunities.
2026-11-24,Religious Observance,Guru Nanak Dev Jayanti,Sikhism,🪯,Religious,Prashad bowl stand; shoe token tray; card stand,Community-serving accessories.
2026-12-04 to 2026-12-12,Religious Observance,Hanukkah,Judaism,🕎,Religious / festival,Dreidel organizer; candle drip tray; latke cooling rack feet,Functional holiday table items.
2026-12-08,Religious Observance,Bodhi Day,Buddhism,🌳,Religious,Meditation timer stand; incense tray; tea set coaster ring,Quiet-use objects.
2026-12-21,Religious Observance,Yule / Winter Solstice,Wicca,❄️,Seasonal spiritual,Candle wreath base; herb rack; solstice tea organizer,"Seasonal use, non-figurative."
2026-12-25,Religious Observance,Christmas,Christianity,✝️,Religious / festival,Nativity accessory storage tray; candle plate; ornament divider,Practical holiday support.
2026-07-10,Cannabis Event,Cannabis & Comedy,Los Angeles / Cypress Park,🌿,Cannabis / entertainment,Smell-proof stash insert tray; pre-roll tube rack; lighter dock; rolling tray corner bins,"Consumer event; focus on carry, storage, and session organization."
2026-09-TBD,Cannabis Event,Kushstock Festival,"Adelanto, San Bernardino County",🔥,Cannabis / festival,Festival stash caddy; pocket ashtray shell; strain token organizer; hydration clip,Closest large SoCal legacy-style festival mentioned in sources.
2026-11-11,Cannabis Event,High Times Harvest Cup SoCal,San Bernardino,🏆,Cannabis / competition,Jar display risers; terpene sample stand; grinder dock; humidity-pack organizer,Strong local anchor for branded or competition-inspired utility prints.
2026-03 (reference only),Cannabis Event,Hall of Flowers Ventura,Ventura,🌊,Cannabis / trade,Retail display risers; SKU divider clips; product pod stands,Important design-language reference even though it is earlier in year.
